source,label,network,mode,parent_result_kind,parent_accepted_as_step1,attempt_index,kind,status,profile_valid,encrypt_s,he_forward_s,decrypt_decode_s,online_encode_s,online_encode_pct_of_he_forward,error_type,error,major_online_encode_s,major_online_encode_pct,major_bootstrap_s,major_bootstrap_pct,major_mvm_kernel_s,major_mvm_kernel_pct,major_other_he_forward_s,major_other_he_forward_pct,major_linear_wrapper_postprocess_s,major_linear_wrapper_postprocess_pct,major_provider_executor_overhead_s,major_provider_executor_overhead_pct,major_runtime_load_trim_s,major_runtime_load_trim_pct,major_layer_cache_key_prepare_s,major_layer_cache_key_prepare_pct,major_layer_cache_evict_s,major_layer_cache_evict_pct,major_layer_cache_other_s,major_layer_cache_other_pct
/Users/tonyhe/Documents/Honours/2026_T3/COMP4962_COMP4963/orion/.tmp/results/honours/04_step1_model_matrix/resnet20_cifar10_dense.json,ResNet20 CIFAR10,resnet20_cifar10,dense,accepted_real_fhe,True,0,warmup,ok,True,0.14711955934762955,1546.6562167592347,0.020339235663414,308.39906426146626,19.939729392978233,,,308.39906426146626,19.939729392978233,997.407683506,64.48800145102089,63.61242604628205,4.112900162103993,174.10642207474712,11.256956794158087,3.1287383139133453,0.20229048188026588,0.0,0.0,0.0,0.0,2.950429916381836e-06,1.9076184380288332e-07,0.0018796063959598541,0.00012152709668721741,0.0,0.0
/Users/tonyhe/Documents/Honours/2026_T3/COMP4962_COMP4963/orion/.tmp/results/honours/04_step1_model_matrix/resnet20_cifar10_dense.json,ResNet20 CIFAR10,resnet20_cifar10,dense,accepted_real_fhe,True,1,measured,ok,True,0.11564945429563522,1544.931661233306,0.024936236441135406,308.25333108380437,19.952554460417254,,,308.25333108380437,19.952554460417254,999.645669041,64.70484708967588,63.047785095870495,4.0809432985236365,170.8331742754358,11.057652487946369,3.1498283185064793,0.20388140120010215,0.0,0.0,0.0,0.0,2.380460500717163e-06,1.5408192869947797e-07,0.0018710382282733917,0.00012110815482801081,0.0,0.0
/Users/tonyhe/Documents/Honours/2026_T3/COMP4962_COMP4963/orion/.tmp/results/honours/04_step1_model_matrix/resnet20_cifar10_dense.json,ResNet20 CIFAR10,resnet20_cifar10,dense,accepted_real_fhe,True,2,measured,ok,True,0.11140622198581696,1526.1920807510614,0.021402783691883087,306.39972138777375,20.076091682836537,,,306.39972138777375,20.076091682836537,985.848623801,64.59531773457044,61.64694871008396,4.039265403588426,169.25602848085055,11.090086930444377,3.039004523307085,0.19912333196038776,0.0,0.0,0.0,0.0,2.726912498474121e-06,1.7867426602896325e-07,0.0017511211335659027,0.00011473792556335047,0.0,0.0
/Users/tonyhe/Documents/Honours/2026_T3/COMP4962_COMP4963/orion/.tmp/results/honours/04_step1_model_matrix/resnet20_cifar10_dense.json,ResNet20 CIFAR10,resnet20_cifar10,dense,accepted_real_fhe,True,3,measured,ok,True,0.10902681946754456,1519.2556312531233,0.020321708172559738,301.5545991398394,19.848838663912602,,,301.5545991398394,19.848838663912602,981.920059412,64.63165508243571,63.29429019242525,4.1661382647118055,169.42510561716813,11.151849769839043,3.0596033707261086,0.20138831858088718,0.0,0.0,0.0,0.0,2.652406692504883e-06,1.7458593787255578e-07,0.001970868557691574,0.0001297259340132212,0.0,0.0
/Users/tonyhe/Documents/Honours/2026_T3/COMP4962_COMP4963/orion/.tmp/results/honours/04_step1_model_matrix/u22_64_base32_provider.json,U22 64 base32,u22_64_base32,provider,accepted_real_fhe,True,0,warmup,ok,True,0.08197888359427452,5513.092898432165,0.08691471442580223,4979.3285479433835,90.31824131531366,,,4979.3285479433835,90.31824131531366,109.10397513800001,1.9789975817209142,408.928636935,7.417408784301325,13.637595352952303,0.24736741433888434,0.0,0.0,2.076871395111084,0.03767161978536064,0.00041478872299194336,7.52370276782208e-06,9.34302806854248e-06,1.6946981015319887e-07,0.016847535967826843,0.000305591367281658,0.0,0.0
/Users/tonyhe/Documents/Honours/2026_T3/COMP4962_COMP4963/orion/.tmp/results/honours/04_step1_model_matrix/u22_64_base32_provider.json,U22 64 base32,u22_64_base32,provider,accepted_real_fhe,True,1,measured,ok,True,0.11002080887556076,5603.869819298387,0.08326106518507004,5069.533098138869,90.46486199020202,,,5069.533098138869,90.46486199020202,110.88104655000001,1.9786513628163207,411.6932084009999,7.346587655966364,9.930421752364055,0.1772065032304294,0.0,0.0,1.8135795593261719,0.0323629851835715,0.00046690553426742554,8.331841197657994e-06,9.007751941680908e-06,1.6074163448016524e-07,0.017988983541727066,0.0003210100184657629,0.0,0.0
/Users/tonyhe/Documents/Honours/2026_T3/COMP4962_COMP4963/orion/.tmp/results/honours/04_step1_model_matrix/u22_64_base32_provider.json,U22 64 base32,u22_64_base32,provider,accepted_real_fhe,True,2,measured,ok,True,0.11894528567790985,5585.993522789329,0.08027154207229614,5035.707812085748,90.1488301327496,,,5035.707812085748,90.1488301327496,110.724958171,1.9821891615031844,427.80092368699997,7.658457209835438,9.97585687281844,0.17858697530026962,0.0,0.0,1.7662479877471924,0.031619227278753236,0.0003934688866138458,7.043847885046772e-06,9.384006261825562e-06,1.6799171398143188e-07,0.017321132123470306,0.00031008149316329875,0.0,0.0
/Users/tonyhe/Documents/Honours/2026_T3/COMP4962_COMP4963/orion/.tmp/results/honours/04_step1_model_matrix/u22_64_base32_provider.json,U22 64 base32,u22_64_base32,provider,accepted_real_fhe,True,3,measured,ok,True,0.08738402277231216,5536.865815155208,0.08060701191425323,5027.375551681966,90.79821905601011,,,5027.375551681966,90.79821905601011,112.032610085,2.023393989038897,385.64100972899996,6.964969399717875,10.061099227735212,0.18171109005742056,0.0,0.0,1.7380521297454834,0.03139054092638802,0.000395357608795166,7.140458555325915e-06,8.635222911834717e-06,1.5595868132109784e-07,0.017088308930397034,0.0003086278320782823,0.0,0.0
/Users/tonyhe/Documents/Honours/2026_T3/COMP4962_COMP4963/orion/.tmp/results/honours/04_step1_model_matrix/vgg16_imgnet_provider.json,VGG16/base16 ImageNet 224,vgg16_imgnet,provider,accepted_real_fhe,True,0,warmup,ok,True,1.8161880150437355,16897.04378860444,0.017169740051031113,8085.672054633498,47.85258389450686,,,8085.672054633498,47.85258389450686,7492.447748632,44.34176677511479,761.4458601252956,4.506385079257613,547.3528089141455,3.2393406548622816,0.027003906667232513,0.0001598143853154021,10.044102191925049,0.05944295533339925,0.0011545009911060333,6.832561988651779e-06,2.1189451217651367e-05,1.254033041681633e-07,0.05303451046347618,0.0003138685744499477,0.0,0.0
/Users/tonyhe/Documents/Honours/2026_T3/COMP4962_COMP4963/orion/.tmp/results/honours/04_step1_model_matrix/vgg16_imgnet_provider.json,VGG16/base16 ImageNet 224,vgg16_imgnet,provider,accepted_real_fhe,True,1,measured,ok,True,2.236842818558216,16733.60105246678,0.021046098321676254,8087.22025391832,48.329228290799634,,,8087.22025391832,48.329228290799634,7361.319780891,43.991247059196695,757.0900943041837,4.524370408559355,518.0883358347328,3.096095898368265,0.030253220349550247,0.00018079324500861382,9.799932718276978,0.05856439798911259,0.0011089518666267395,6.627096362281588e-06,2.142786979675293e-05,1.2805295004684091e-07,0.05127120018005371,0.0003063966926144422,0.0,0.0
/Users/tonyhe/Documents/Honours/2026_T3/COMP4962_COMP4963/orion/.tmp/results/honours/04_step1_model_matrix/vgg16_imgnet_provider.json,VGG16/base16 ImageNet 224,vgg16_imgnet,provider,accepted_real_fhe,True,2,measured,ok,True,1.839958481490612,16424.112382557243,0.017547596246004105,7864.045750305057,47.88110046456355,,,7864.045750305057,47.88110046456355,7286.30594469,44.36346863059834,741.670433919565,4.515741348112272,522.5873414565358,3.1818300391778536,0.0274394191801548,0.00016706789713212173,9.422324419021606,0.05736885013663396,0.00106913223862648,6.509528269922953e-06,2.06679105758667e-05,1.2583882826944402e-07,0.05205854773521423,0.0003169641471188514,0.0,0.0
/Users/tonyhe/Documents/Honours/2026_T3/COMP4962_COMP4963/orion/.tmp/results/honours/04_step1_model_matrix/vgg16_imgnet_provider.json,VGG16/base16 ImageNet 224,vgg16_imgnet,provider,accepted_real_fhe,True,3,measured,ok,True,1.6855985596776009,16366.62217714265,0.020074788480997086,7860.785129182041,48.029367600116544,,,7860.785129182041,48.029367600116544,7210.504519799,44.05615552040463,769.2376562164928,4.700039188848615,517.4932884195769,3.1618820476121168,0.030112851411104202,0.00018398940896405188,8.517460346221924,0.05204165070858217,0.0010465309023857117,6.394299880932543e-06,1.9319355487823486e-05,1.1804118943250596e-07,0.052944477647542953,0.00032349055947221856,0.0,0.0
/Users/tonyhe/Documents/Honours/2026_T3/COMP4962_COMP4963/orion/.tmp/results/honours/05_vgg16_profile_fix/vgg16_clear_structural.json,VGG16/base16 ImageNet 224,vgg16_imgnet,provider,clear_structural,False,0,measured,ok,False,0.28974858298897743,225.58419233403401,0.003685167001094669,177.1502512449515,78.52955005935704,,,177.1502512449515,78.52955005935704,0.0,0.0,13.054900958959479,5.787152381505714,35.32430827175267,15.659035283574376,0.00043654412729665637,0.00019351716216455594,0.046057939529418945,0.020417183958182056,0.00047657685354352,0.00021126340840311555,1.0715215466916561e-05,4.749985074774209e-06,0.007750082644633949,0.0034355610490463826,0.0,0.0
