source,label,network,mode,result_kind,accepted_as_step1,operation,mean_count_per_forward
/Users/tonyhe/Documents/Honours/2026_T3/COMP4962_COMP4963/orion/.tmp/results/honours/04_step1_model_matrix/resnet20_cifar10_dense.json,ResNet20 CIFAR10,resnet20_cifar10,dense,accepted_real_fhe,True,transform_count,352.0
/Users/tonyhe/Documents/Honours/2026_T3/COMP4962_COMP4963/orion/.tmp/results/honours/04_step1_model_matrix/resnet20_cifar10_dense.json,ResNet20 CIFAR10,resnet20_cifar10,dense,accepted_real_fhe,True,diag_terms,17651.0
/Users/tonyhe/Documents/Honours/2026_T3/COMP4962_COMP4963/orion/.tmp/results/honours/04_step1_model_matrix/resnet20_cifar10_dense.json,ResNet20 CIFAR10,resnet20_cifar10,dense,accepted_real_fhe,True,q_mul,4102.0
/Users/tonyhe/Documents/Honours/2026_T3/COMP4962_COMP4963/orion/.tmp/results/honours/04_step1_model_matrix/resnet20_cifar10_dense.json,ResNet20 CIFAR10,resnet20_cifar10,dense,accepted_real_fhe,True,qp_mul,31200.0
/Users/tonyhe/Documents/Honours/2026_T3/COMP4962_COMP4963/orion/.tmp/results/honours/04_step1_model_matrix/resnet20_cifar10_dense.json,ResNet20 CIFAR10,resnet20_cifar10,dense,accepted_real_fhe,True,baby_rotation_count,1551.0
/Users/tonyhe/Documents/Honours/2026_T3/COMP4962_COMP4963/orion/.tmp/results/honours/04_step1_model_matrix/resnet20_cifar10_dense.json,ResNet20 CIFAR10,resnet20_cifar10,dense,accepted_real_fhe,True,giant_rotation_count,2058.0
/Users/tonyhe/Documents/Honours/2026_T3/COMP4962_COMP4963/orion/.tmp/results/honours/04_step1_model_matrix/resnet20_cifar10_dense.json,ResNet20 CIFAR10,resnet20_cifar10,dense,accepted_real_fhe,True,inner_reduce_count,17686.0
/Users/tonyhe/Documents/Honours/2026_T3/COMP4962_COMP4963/orion/.tmp/results/honours/04_step1_model_matrix/resnet20_cifar10_dense.json,ResNet20 CIFAR10,resnet20_cifar10,dense,accepted_real_fhe,True,outer_reduce_count,2604.0
/Users/tonyhe/Documents/Honours/2026_T3/COMP4962_COMP4963/orion/.tmp/results/honours/04_step1_model_matrix/resnet20_cifar10_dense.json,ResNet20 CIFAR10,resnet20_cifar10,dense,accepted_real_fhe,True,final_moddown,704.0
/Users/tonyhe/Documents/Honours/2026_T3/COMP4962_COMP4963/orion/.tmp/results/honours/04_step1_model_matrix/u22_64_base32_provider.json,U22 64 base32,u22_64_base32,provider,accepted_real_fhe,True,transform_count,173.0
/Users/tonyhe/Documents/Honours/2026_T3/COMP4962_COMP4963/orion/.tmp/results/honours/04_step1_model_matrix/u22_64_base32_provider.json,U22 64 base32,u22_64_base32,provider,accepted_real_fhe,True,diag_terms,74064.0
/Users/tonyhe/Documents/Honours/2026_T3/COMP4962_COMP4963/orion/.tmp/results/honours/04_step1_model_matrix/u22_64_base32_provider.json,U22 64 base32,u22_64_base32,provider,accepted_real_fhe,True,q_mul,2744.0
/Users/tonyhe/Documents/Honours/2026_T3/COMP4962_COMP4963/orion/.tmp/results/honours/04_step1_model_matrix/u22_64_base32_provider.json,U22 64 base32,u22_64_base32,provider,accepted_real_fhe,True,qp_mul,145384.0
/Users/tonyhe/Documents/Honours/2026_T3/COMP4962_COMP4963/orion/.tmp/results/honours/04_step1_model_matrix/u22_64_base32_provider.json,U22 64 base32,u22_64_base32,provider,accepted_real_fhe,True,baby_rotation_count,1703.0
/Users/tonyhe/Documents/Honours/2026_T3/COMP4962_COMP4963/orion/.tmp/results/honours/04_step1_model_matrix/u22_64_base32_provider.json,U22 64 base32,u22_64_base32,provider,accepted_real_fhe,True,giant_rotation_count,1533.0
/Users/tonyhe/Documents/Honours/2026_T3/COMP4962_COMP4963/orion/.tmp/results/honours/04_step1_model_matrix/u22_64_base32_provider.json,U22 64 base32,u22_64_base32,provider,accepted_real_fhe,True,inner_reduce_count,42012.0
/Users/tonyhe/Documents/Honours/2026_T3/COMP4962_COMP4963/orion/.tmp/results/honours/04_step1_model_matrix/u22_64_base32_provider.json,U22 64 base32,u22_64_base32,provider,accepted_real_fhe,True,outer_reduce_count,1328.0
/Users/tonyhe/Documents/Honours/2026_T3/COMP4962_COMP4963/orion/.tmp/results/honours/04_step1_model_matrix/u22_64_base32_provider.json,U22 64 base32,u22_64_base32,provider,accepted_real_fhe,True,final_moddown,346.0
/Users/tonyhe/Documents/Honours/2026_T3/COMP4962_COMP4963/orion/.tmp/results/honours/04_step1_model_matrix/vgg16_imgnet_provider.json,VGG16/base16 ImageNet 224,vgg16_imgnet,provider,accepted_real_fhe,True,transform_count,3593.0
/Users/tonyhe/Documents/Honours/2026_T3/COMP4962_COMP4963/orion/.tmp/results/honours/04_step1_model_matrix/vgg16_imgnet_provider.json,VGG16/base16 ImageNet 224,vgg16_imgnet,provider,accepted_real_fhe,True,diag_terms,196659.0
/Users/tonyhe/Documents/Honours/2026_T3/COMP4962_COMP4963/orion/.tmp/results/honours/04_step1_model_matrix/vgg16_imgnet_provider.json,VGG16/base16 ImageNet 224,vgg16_imgnet,provider,accepted_real_fhe,True,q_mul,28224.0
/Users/tonyhe/Documents/Honours/2026_T3/COMP4962_COMP4963/orion/.tmp/results/honours/04_step1_model_matrix/vgg16_imgnet_provider.json,VGG16/base16 ImageNet 224,vgg16_imgnet,provider,accepted_real_fhe,True,qp_mul,365094.0
/Users/tonyhe/Documents/Honours/2026_T3/COMP4962_COMP4963/orion/.tmp/results/honours/04_step1_model_matrix/vgg16_imgnet_provider.json,VGG16/base16 ImageNet 224,vgg16_imgnet,provider,accepted_real_fhe,True,baby_rotation_count,11766.0
/Users/tonyhe/Documents/Honours/2026_T3/COMP4962_COMP4963/orion/.tmp/results/honours/04_step1_model_matrix/vgg16_imgnet_provider.json,VGG16/base16 ImageNet 224,vgg16_imgnet,provider,accepted_real_fhe,True,giant_rotation_count,18438.0
/Users/tonyhe/Documents/Honours/2026_T3/COMP4962_COMP4963/orion/.tmp/results/honours/04_step1_model_matrix/vgg16_imgnet_provider.json,VGG16/base16 ImageNet 224,vgg16_imgnet,provider,accepted_real_fhe,True,inner_reduce_count,169366.0
/Users/tonyhe/Documents/Honours/2026_T3/COMP4962_COMP4963/orion/.tmp/results/honours/04_step1_model_matrix/vgg16_imgnet_provider.json,VGG16/base16 ImageNet 224,vgg16_imgnet,provider,accepted_real_fhe,True,outer_reduce_count,24404.0
/Users/tonyhe/Documents/Honours/2026_T3/COMP4962_COMP4963/orion/.tmp/results/honours/04_step1_model_matrix/vgg16_imgnet_provider.json,VGG16/base16 ImageNet 224,vgg16_imgnet,provider,accepted_real_fhe,True,final_moddown,7186.0
/Users/tonyhe/Documents/Honours/2026_T3/COMP4962_COMP4963/orion/.tmp/results/honours/05_vgg16_profile_fix/vgg16_clear_structural.json,VGG16/base16 ImageNet 224,vgg16_imgnet,provider,clear_structural,False,transform_count,0.0
/Users/tonyhe/Documents/Honours/2026_T3/COMP4962_COMP4963/orion/.tmp/results/honours/05_vgg16_profile_fix/vgg16_clear_structural.json,VGG16/base16 ImageNet 224,vgg16_imgnet,provider,clear_structural,False,diag_terms,0.0
/Users/tonyhe/Documents/Honours/2026_T3/COMP4962_COMP4963/orion/.tmp/results/honours/05_vgg16_profile_fix/vgg16_clear_structural.json,VGG16/base16 ImageNet 224,vgg16_imgnet,provider,clear_structural,False,q_mul,0.0
/Users/tonyhe/Documents/Honours/2026_T3/COMP4962_COMP4963/orion/.tmp/results/honours/05_vgg16_profile_fix/vgg16_clear_structural.json,VGG16/base16 ImageNet 224,vgg16_imgnet,provider,clear_structural,False,qp_mul,0.0
/Users/tonyhe/Documents/Honours/2026_T3/COMP4962_COMP4963/orion/.tmp/results/honours/05_vgg16_profile_fix/vgg16_clear_structural.json,VGG16/base16 ImageNet 224,vgg16_imgnet,provider,clear_structural,False,baby_rotation_count,0.0
/Users/tonyhe/Documents/Honours/2026_T3/COMP4962_COMP4963/orion/.tmp/results/honours/05_vgg16_profile_fix/vgg16_clear_structural.json,VGG16/base16 ImageNet 224,vgg16_imgnet,provider,clear_structural,False,giant_rotation_count,0.0
/Users/tonyhe/Documents/Honours/2026_T3/COMP4962_COMP4963/orion/.tmp/results/honours/05_vgg16_profile_fix/vgg16_clear_structural.json,VGG16/base16 ImageNet 224,vgg16_imgnet,provider,clear_structural,False,inner_reduce_count,0.0
/Users/tonyhe/Documents/Honours/2026_T3/COMP4962_COMP4963/orion/.tmp/results/honours/05_vgg16_profile_fix/vgg16_clear_structural.json,VGG16/base16 ImageNet 224,vgg16_imgnet,provider,clear_structural,False,outer_reduce_count,0.0
/Users/tonyhe/Documents/Honours/2026_T3/COMP4962_COMP4963/orion/.tmp/results/honours/05_vgg16_profile_fix/vgg16_clear_structural.json,VGG16/base16 ImageNet 224,vgg16_imgnet,provider,clear_structural,False,final_moddown,0.0
