source,label,network,mode,result_kind,accepted_as_step1,category,seconds,percent_of_he_forward,additive
/Users/tonyhe/Documents/Honours/2026_T3/COMP4962_COMP4963/orion/.tmp/results/honours/04_step1_model_matrix/resnet20_cifar10_dense.json,ResNet20 CIFAR10,resnet20_cifar10,dense,accepted_real_fhe,True,bootstrap,989.138117418,64.64420717717607,False
/Users/tonyhe/Documents/Honours/2026_T3/COMP4962_COMP4963/orion/.tmp/results/honours/04_step1_model_matrix/resnet20_cifar10_dense.json,ResNet20 CIFAR10,resnet20_cifar10,dense,accepted_real_fhe,True,lt_fused_multiply_accumulate,106.09310145999972,6.933616559790437,False
/Users/tonyhe/Documents/Honours/2026_T3/COMP4962_COMP4963/orion/.tmp/results/honours/04_step1_model_matrix/resnet20_cifar10_dense.json,ResNet20 CIFAR10,resnet20_cifar10,dense,accepted_real_fhe,True,lt_rotation,453.48364596033326,29.63700442304629,False
/Users/tonyhe/Documents/Honours/2026_T3/COMP4962_COMP4963/orion/.tmp/results/honours/04_step1_model_matrix/resnet20_cifar10_dense.json,ResNet20 CIFAR10,resnet20_cifar10,dense,accepted_real_fhe,True,explicit_accumulate,0.0,0.0,False
/Users/tonyhe/Documents/Honours/2026_T3/COMP4962_COMP4963/orion/.tmp/results/honours/04_step1_model_matrix/resnet20_cifar10_dense.json,ResNet20 CIFAR10,resnet20_cifar10,dense,accepted_real_fhe,True,elementwise_add_module_wall,0.04111482575535774,0.002687021425400863,False
/Users/tonyhe/Documents/Honours/2026_T3/COMP4962_COMP4963/orion/.tmp/results/honours/04_step1_model_matrix/resnet20_cifar10_dense.json,ResNet20 CIFAR10,resnet20_cifar10,dense,accepted_real_fhe,True,elementwise_multiply_module_wall,576.2425902237495,37.65980173120236,False
/Users/tonyhe/Documents/Honours/2026_T3/COMP4962_COMP4963/orion/.tmp/results/honours/04_step1_model_matrix/u22_64_base32_provider.json,U22 64 base32,u22_64_base32,provider,accepted_real_fhe,True,bootstrap,111.212871602,1.994643493474213,False
/Users/tonyhe/Documents/Honours/2026_T3/COMP4962_COMP4963/orion/.tmp/results/honours/04_step1_model_matrix/u22_64_base32_provider.json,U22 64 base32,u22_64_base32,provider,accepted_real_fhe,True,lt_fused_multiply_accumulate,274.65441374699975,4.926027279423072,False
/Users/tonyhe/Documents/Honours/2026_T3/COMP4962_COMP4963/orion/.tmp/results/honours/04_step1_model_matrix/u22_64_base32_provider.json,U22 64 base32,u22_64_base32,provider,accepted_real_fhe,True,lt_rotation,167.91067488000007,3.0115393147373153,False
/Users/tonyhe/Documents/Honours/2026_T3/COMP4962_COMP4963/orion/.tmp/results/honours/04_step1_model_matrix/u22_64_base32_provider.json,U22 64 base32,u22_64_base32,provider,accepted_real_fhe,True,explicit_accumulate,0.37059442202250165,0.0066467463878679845,False
/Users/tonyhe/Documents/Honours/2026_T3/COMP4962_COMP4963/orion/.tmp/results/honours/04_step1_model_matrix/u22_64_base32_provider.json,U22 64 base32,u22_64_base32,provider,accepted_real_fhe,True,elementwise_add_module_wall,0.0,0.0,False
/Users/tonyhe/Documents/Honours/2026_T3/COMP4962_COMP4963/orion/.tmp/results/honours/04_step1_model_matrix/u22_64_base32_provider.json,U22 64 base32,u22_64_base32,provider,accepted_real_fhe,True,elementwise_multiply_module_wall,0.0,0.0,False
/Users/tonyhe/Documents/Honours/2026_T3/COMP4962_COMP4963/orion/.tmp/results/honours/04_step1_model_matrix/vgg16_imgnet_provider.json,VGG16/base16 ImageNet 224,vgg16_imgnet,provider,accepted_real_fhe,True,bootstrap,7286.043415126667,44.13614029384395,False
/Users/tonyhe/Documents/Honours/2026_T3/COMP4962_COMP4963/orion/.tmp/results/honours/04_step1_model_matrix/vgg16_imgnet_provider.json,VGG16/base16 ImageNet 224,vgg16_imgnet,provider,accepted_real_fhe,True,lt_fused_multiply_accumulate,923.6685484503278,5.59524042291287,False
/Users/tonyhe/Documents/Honours/2026_T3/COMP4962_COMP4963/orion/.tmp/results/honours/04_step1_model_matrix/vgg16_imgnet_provider.json,VGG16/base16 ImageNet 224,vgg16_imgnet,provider,accepted_real_fhe,True,lt_rotation,3413.110957657662,20.675356360474794,False
/Users/tonyhe/Documents/Honours/2026_T3/COMP4962_COMP4963/orion/.tmp/results/honours/04_step1_model_matrix/vgg16_imgnet_provider.json,VGG16/base16 ImageNet 224,vgg16_imgnet,provider,accepted_real_fhe,True,explicit_accumulate,6.647875898828109,0.040270358905299,False
/Users/tonyhe/Documents/Honours/2026_T3/COMP4962_COMP4963/orion/.tmp/results/honours/04_step1_model_matrix/vgg16_imgnet_provider.json,VGG16/base16 ImageNet 224,vgg16_imgnet,provider,accepted_real_fhe,True,elementwise_add_module_wall,0.0,0.0,False
/Users/tonyhe/Documents/Honours/2026_T3/COMP4962_COMP4963/orion/.tmp/results/honours/04_step1_model_matrix/vgg16_imgnet_provider.json,VGG16/base16 ImageNet 224,vgg16_imgnet,provider,accepted_real_fhe,True,elementwise_multiply_module_wall,3292.6825700625777,19.94584599285566,False
/Users/tonyhe/Documents/Honours/2026_T3/COMP4962_COMP4963/orion/.tmp/results/honours/05_vgg16_profile_fix/vgg16_clear_structural.json,VGG16/base16 ImageNet 224,vgg16_imgnet,provider,clear_structural,False,bootstrap,0.0,0.0,False
/Users/tonyhe/Documents/Honours/2026_T3/COMP4962_COMP4963/orion/.tmp/results/honours/05_vgg16_profile_fix/vgg16_clear_structural.json,VGG16/base16 ImageNet 224,vgg16_imgnet,provider,clear_structural,False,lt_fused_multiply_accumulate,0.0,0.0,False
/Users/tonyhe/Documents/Honours/2026_T3/COMP4962_COMP4963/orion/.tmp/results/honours/05_vgg16_profile_fix/vgg16_clear_structural.json,VGG16/base16 ImageNet 224,vgg16_imgnet,provider,clear_structural,False,lt_rotation,0.0,0.0,False
/Users/tonyhe/Documents/Honours/2026_T3/COMP4962_COMP4963/orion/.tmp/results/honours/05_vgg16_profile_fix/vgg16_clear_structural.json,VGG16/base16 ImageNet 224,vgg16_imgnet,provider,clear_structural,False,explicit_accumulate,0.04052407795097679,0.017964059241779993,False
/Users/tonyhe/Documents/Honours/2026_T3/COMP4962_COMP4963/orion/.tmp/results/honours/05_vgg16_profile_fix/vgg16_clear_structural.json,VGG16/base16 ImageNet 224,vgg16_imgnet,provider,clear_structural,False,elementwise_add_module_wall,0.0,0.0,False
/Users/tonyhe/Documents/Honours/2026_T3/COMP4962_COMP4963/orion/.tmp/results/honours/05_vgg16_profile_fix/vgg16_clear_structural.json,VGG16/base16 ImageNet 224,vgg16_imgnet,provider,clear_structural,False,elementwise_multiply_module_wall,0.23813966294983402,0.10556575817032804,False
