block,mode,position,forward_median_s,online_encode_median_s,online_prepare_median_s,online_encode_median_pct,online_materialization_median_pct,decompression_median_s,decompression_median_pct,activation_median_s,bootstrap_median_s,logical_resident_bytes,pre_online_rss_bytes,sampled_online_peak_rss_bytes,max_abs_error_vs_clear,max_abs_delta_vs_isolated_full
1,online_encode,2,3.288250634504948,0.8673882024999999,0.162864634,26.45906538664481,31.270961521563848,0.0,0.0,0.017665505991317332,0.7284203214803711,2199296,924262400,1076817920,6.067977894597121e-07,9.313225746154785e-09
1,full,3,2.2542671395349316,0.0,0.0,0.0,0.0,0.0,0.0,0.017890197515953332,0.726437324017752,422445056,1362796544,1927303168,6.067874308637866e-07,0.0
1,compressed,1,2.4205348864779808,0.0,0.0,0.0,0.0,0.1593640905,6.604811679361633,0.01761745347175747,0.7282318114885129,32635904,959369216,1148674048,6.079289208427152e-07,1.1175870895385742e-08
2,online_encode,2,3.2767637580400333,0.8689611755,0.153665561,26.618462522437905,31.37499855016965,0.0,0.0,0.017636133008636534,0.7362765949801542,2199296,923881472,1075896320,6.069961053581374e-07,8.614733815193176e-09
2,full,1,2.3022377919987775,0.0,0.0,0.0,0.0,0.0,0.0,0.01770750602008775,0.7330734089482576,422445056,1364639744,1929494528,6.071969171489444e-07,0.0
2,compressed,3,2.4310762544628233,0.0,0.0,0.0,0.0,0.15665086350000001,6.47145222079057,0.017626349988859147,0.7299248609924689,32635904,958767104,1146384384,6.075176404978649e-07,1.1175870895385742e-08
3,online_encode,1,3.3114278175053187,0.876021267,0.16058655700000002,26.457135232827266,31.42538961742231,0.0,0.0,0.01782177499262616,0.7342406564857811,2199296,923553792,1076236288,6.070097804643237e-07,1.1175870895385742e-08
3,full,3,2.261541173502337,0.0,0.0,0.0,0.0,0.0,0.0,0.017835684004239738,0.7297889399924316,422445056,1363456000,1928032256,6.086152784029117e-07,0.0
3,compressed,2,2.432307204522658,0.0,0.0,0.0,0.0,0.15363588649999999,6.314361130028315,0.01768833602545783,0.7314017525059171,32635904,959795200,1145880576,6.073330166278534e-07,1.0244548320770264e-08
4,online_encode,1,3.277271674014628,0.85846613,0.1497750355,26.304912596951937,30.864727857739332,0.0,0.0,0.017707339022308588,0.7323092584847473,2199296,924479488,1071185920,6.079289208427152e-07,1.1175870895385742e-08
4,full,2,2.2989639524603263,0.0,0.0,0.0,0.0,0.0,0.0,0.0177699769847095,0.7425897939829156,422445056,1363247104,1927307264,6.077386261252316e-07,0.0
4,compressed,3,2.4303783834911883,0.0,0.0,0.0,0.0,0.15359754850000001,6.365751437992335,0.017738383961841464,0.7323457135353237,32635904,958545920,1145958400,6.084910946363431e-07,1.1175870895385742e-08
5,online_encode,3,3.27447816147469,0.8704481239999999,0.153943685,26.51316825688336,31.206933502481718,0.0,0.0,0.017695713497232646,0.7316956155118532,2199296,923222016,1069477888,6.077290890683235e-07,9.778887033462524e-09
5,full,2,2.2679428395349532,0.0,0.0,0.0,0.0,0.0,0.0,0.017850415024440736,0.7264444814645685,422445056,1363361792,1927528448,6.06286971966373e-07,0.0
5,compressed,1,2.422189412987791,0.0,0.0,0.0,0.0,0.15150076699999998,6.257905432476187,0.017670456552878022,0.7326824430492707,32635904,959578112,1147154432,6.079551711432596e-07,1.1175870895385742e-08
6,online_encode,3,3.291248876019381,0.8792172540000001,0.1543145275,26.586487378827172,31.404578658266857,0.0,0.0,0.017761916446033865,0.7287220404832624,2199296,924622848,1075843072,6.084788330730506e-07,9.313225746154785e-09
6,full,1,2.3005314330221154,0.0,0.0,0.0,0.0,0.0,0.0,0.018300963449291885,0.7484692994621582,422445056,1363251200,1927106560,6.08020014000038e-07,0.0
6,compressed,2,2.423789914988447,0.0,0.0,0.0,0.0,0.155059037,6.420132865410473,0.017629404494073242,0.7310361270210706,32635904,958656512,1144569856,6.070238485686441e-07,1.0244548320770264e-08
