artifact,path,sha256,bytes
step1,.tmp/results/honours/06_step1_extracted/extracted_results.json,7c71947369baf0cb199d979d4ef677fd18f3e0f399f89d121b417e1e120ad24c,108445
resnet_summary,.tmp/results/honours/09_wpc_periodicity_census/resnet20_cifar10_dense.periodicity.summary.json,8c85f168fb7153e28f0214f31f6dd04e79efd4bdf1ba4f0f003a300b3c52cda2,1892
resnet_jsonl,.tmp/results/honours/09_wpc_periodicity_census/resnet20_cifar10_dense.periodicity.jsonl,1592957a17e3063245339c2f46a539290b1db27b99b4b52109a704ecf6962617,19541822
unet_summary,.tmp/results/honours/10_wpc_encoded_qp_verification/u22_64_base32_provider.periodicity.summary.json,d211775f0cbd4672e77e9ad177d8bab4c80813d9a36ac5d4b3854c3ab0757d06,2329
unet_jsonl,.tmp/results/honours/10_wpc_encoded_qp_verification/u22_64_base32_provider.periodicity.jsonl,ef3a6ca5a191b86e0f79233288e2a5316126e0e8fde7fa043c0ccb4643b25c08,207928584
vgg_summary,.tmp/results/honours/09_wpc_periodicity_census/vgg16_run1/vgg16_imgnet_provider.periodicity.summary.json,6eda6271f1d52707761b0fbb2db528f2b9d30f09108923bc84b9d54858ead3b0,1936
vgg_jsonl,.tmp/results/honours/09_wpc_periodicity_census/vgg16_run1/vgg16_imgnet_provider.periodicity.jsonl,875ce4438cf878bb5b310d35392d31b69ffacbb4f8eed4b7e426031081d3f4c1,363743542
full_validation,.tmp/results/honours/23_wpc_rotation_padding_full_validation/full_validation_2115.json,ce0f972152ed065d086821720c66bf01afd9aaa7bf3433e9ed248f1e1772b38f,23877
decoder_correctness,.tmp/results/honours/24_wpc_finetuned_decoder_fhe/finetuned_decoder_fhe.json,fcc1f852febd19bbf04ae39289ace01756f7e33b89d5e98ee9be549bbe0cb1b6,50756
decoder_benchmark,.tmp/results/honours/25_wpc_finetuned_decoder_isolated_benchmark/server_run1/comparison.json,819a4e36bfd3ef719c371388db17e54a16abd3c3b937b7de9b5d28b9e893752a,93727
checkpoint,checkpoints/wpc_rotation_padding_covid19_cheb7_audited_restart/rotation_padding_best.pt,d48f20534506eb1605d0c7354393f5b72d9ecde9a0115067e215a7bfd7855b39,93199571
